id,first_name,last_name,email,gender,adresse
1,Gus,Caukill,gcaukill0@bluehost.com,Female,783 Troy Trail
2,Stafani,Verrier,sverrier1@yale.edu,Female,450 Orin Street
3,Turner,Alfonso,talfonso2@ebay.co.uk,Male,62 Clyde Gallagher Lane
4,Lyman,Antonchik,lantonchik3@hud.gov,Male,6125 6th Lane
5,Freddie,Newlove,fnewlove4@forbes.com,Male,7 Eagan Crossing
6,Sheilakathryn,Spinke,sspinke5@ebay.com,Female,68701 Huxley Lane
7,Anni,Thurske,athurske6@sbwire.com,Female,617 West Alley
8,Sheridan,Tousey,stousey7@businesswire.com,Male,70 Cottonwood Trail
9,Erwin,Cuseick,ecuseick8@google.cn,Male,2 Riverside Street
10,Shelli,Ackeroyd,sackeroyd9@prlog.org,Female,51591 Almo Alley
